Displacement [mm],Force [kN]
2.392094e-02,1.320659e+00
-3.588142e-01,-6.008997e+01
-9.010222e-01,-1.485741e+02
-1.156179e+00,-1.888542e+02
-1.475125e+00,-2.192294e+02
-1.698387e+00,-2.304550e+02
-2.113017e+00,-2.403599e+02
-2.400068e+00,-2.449822e+02
-2.559541e+00,-2.449822e+02
-2.814698e+00,-2.390392e+02
-3.612063e+00,-2.258326e+02
-4.568900e+00,-2.073434e+02
-5.206792e+00,-1.908352e+02
-4.855952e+00,-1.327262e+02
-4.186165e+00,-4.292141e+01
-3.803430e+00,3.301647e+00
-3.388800e+00,4.622306e+01
-2.782803e+00,9.508743e+01
-2.113017e+00,1.360279e+02
-1.475125e+00,1.683840e+02
-7.415493e-01,1.967782e+02
-1.036574e-01,2.165880e+02
8.212857e-01,2.383789e+02
1.841913e+00,2.529061e+02
2.479805e+00,2.575285e+02
3.787483e+00,2.601698e+02
4.935688e+00,2.588491e+02
5.063266e+00,2.535665e+02
4.999477e+00,2.311153e+02
4.616742e+00,1.512154e+02
3.946956e+00,4.622306e+01
3.691799e+00,9.904941e+00
3.149591e+00,-5.414701e+01
2.479805e+00,-1.162180e+02
2.128964e+00,-1.406502e+02
1.682440e+00,-1.657427e+02
1.140232e+00,-1.881939e+02
5.980236e-01,-1.980988e+02
8.771013e-02,-2.033814e+02
-6.139709e-01,-2.033814e+02
-1.188074e+00,-2.007401e+02
-1.762176e+00,-1.941368e+02
-2.559541e+00,-1.835716e+02
-3.516379e+00,-1.683840e+02
-4.600795e+00,-1.512154e+02
-5.143003e+00,-1.426311e+02
-5.047319e+00,-1.294246e+02
-4.568900e+00,-8.452216e+01
-3.643957e+00,-1.386692e+01
-3.101749e+00,2.245120e+01
-2.655225e+00,4.754371e+01
-1.921649e+00,8.056018e+01
-1.219968e+00,1.096147e+02
-3.588142e-01,1.380088e+02
4.704452e-01,1.591394e+02
1.299705e+00,1.782889e+02
2.192753e+00,1.941368e+02
3.723694e+00,2.198897e+02
4.584848e+00,2.311153e+02
5.063266e+00,2.357376e+02
4.776215e+00,1.743270e+02
3.978850e+00,4.622306e+01
3.787483e+00,9.244611e+00
2.990118e+00,-6.339162e+01
2.607383e+00,-9.706842e+01
2.416015e+00,-1.089543e+02
2.097069e+00,-1.274436e+02
1.746229e+00,-1.386692e+02
1.235915e+00,-1.505551e+02
6.937074e-01,-1.564981e+02
1.196047e-01,-1.604600e+02
-7.096547e-01,-1.611204e+02
-1.283757e+00,-1.584790e+02
-2.017333e+00,-1.525361e+02
-2.750909e+00,-1.452725e+02
-3.835325e+00,-1.340469e+02
-4.600795e+00,-1.261229e+02
-5.111108e+00,-1.221609e+02
-4.887846e+00,-1.089543e+02
-3.962903e+00,-3.895943e+01
-3.197433e+00,6.603294e-01
-2.400068e+00,3.961976e+01
-1.124284e+00,8.386183e+01
3.109723e-01,1.228213e+02
1.554861e+00,1.512154e+02
2.990118e+00,1.789493e+02
4.170218e+00,1.980988e+02
5.031372e+00,2.086641e+02
3.723694e+00,7.923952e+00
3.181486e+00,-4.424207e+01
2.830645e+00,-6.999491e+01
2.416015e+00,-9.178578e+01
1.873807e+00,-1.076337e+02
1.267810e+00,-1.208403e+02
7.256020e-01,-1.281039e+02
2.152885e-01,-1.320659e+02
-5.501817e-01,-1.340469e+02
-1.443230e+00,-1.327262e+02
-2.463857e+00,-1.281039e+02
-3.612063e+00,-1.208403e+02
-4.632689e+00,-1.142370e+02
-5.111108e+00,-1.102750e+02
-4.728373e+00,-8.782381e+01
-3.580168e+00,-1.980988e+01
-2.527646e+00,2.707350e+01
-1.921649e+00,4.754371e+01
-8.691276e-01,7.923952e+01
5.023398e-01,1.089543e+02
1.905702e+00,1.399898e+02
3.309064e+00,1.664030e+02
4.457269e+00,1.835716e+02
5.031372e+00,1.921558e+02
4.840004e+00,1.584790e+02
4.521058e+00,1.188593e+02
3.978850e+00,4.556273e+01
3.245275e+00,-3.235614e+01
2.798750e+00,-6.075030e+01
2.575488e+00,-7.329656e+01
2.192753e+00,-8.518249e+01
1.778123e+00,-9.640809e+01
1.172126e+00,-1.076337e+02
6.299182e-01,-1.142370e+02
1.196047e-01,-1.181990e+02
-2.950250e-01,-1.201799e+02
-1.092390e+00,-1.228213e+02
-1.762176e+00,-1.221609e+02
-2.719014e+00,-1.168783e+02
-4.090481e+00,-1.096147e+02
-5.876579e+00,-1.016907e+02
-7.407519e+00,-9.706842e+01
-9.608246e+00,-8.980479e+01
-1.011856e+01,-8.716348e+01
-9.927192e+00,-7.659821e+01
-8.523830e+00,-2.707350e+01
-7.885938e+00,-5.282635e+00
-7.279941e+00,1.122560e+01
-6.291208e+00,3.235614e+01
-5.143003e+00,5.150569e+01
-3.962903e+00,6.867425e+01
-2.336279e+00,8.584282e+01
-4.226033e-01,1.082940e+02
1.586756e+00,1.340469e+02
4.329691e+00,1.677237e+02
6.913153e+00,1.980988e+02
9.177669e+00,2.238517e+02
1.010261e+01,2.330963e+02
1.003882e+01,2.040418e+02
9.624193e+00,1.432915e+02
9.018196e+00,5.282635e+01
8.444093e+00,-1.650823e+01
8.125147e+00,-4.424207e+01
7.774307e+00,-6.405195e+01
7.391572e+00,-8.650315e+01
7.008837e+00,-1.023511e+02
6.434734e+00,-1.168783e+02
5.605475e+00,-1.294246e+02
4.935688e+00,-1.333865e+02
3.883167e+00,-1.347072e+02
2.894434e+00,-1.307452e+02
1.586756e+00,-1.228213e+02
1.514993e-01,-1.142370e+02
-1.188074e+00,-1.063130e+02
-2.910382e+00,-9.970973e+01
-4.409427e+00,-9.442710e+01
-6.865311e+00,-8.782381e+01
-9.703930e+00,-8.122051e+01
-1.005477e+01,-7.989985e+01
-1.011856e+01,-7.857920e+01
-1.005477e+01,-7.461722e+01
-9.384984e+00,-5.282635e+01
-8.141095e+00,-1.716856e+01
-6.833416e+00,1.188593e+01
-5.589527e+00,3.235614e+01
-4.632689e+00,4.556273e+01
-3.484484e+00,5.810898e+01
-1.507019e+00,7.461722e+01
2.639277e+00,1.122560e+02
6.147683e+00,1.505551e+02
9.464720e+00,1.888542e+02
1.013451e+01,1.974385e+02
1.007072e+01,1.802699e+02
9.018196e+00,5.150569e+01
8.220831e+00,-1.716856e+01
7.901885e+00,-3.367680e+01
7.455361e+00,-5.678833e+01
7.072626e+00,-6.867425e+01
6.594207e+00,-7.857920e+01
6.020104e+00,-8.914446e+01
5.382212e+00,-9.772875e+01
4.744321e+00,-1.030114e+02
4.297796e+00,-1.036717e+02
3.628010e+00,-1.056527e+02
2.798750e+00,-1.043320e+02
-7.973648e-03,-9.706842e+01
-3.197433e+00,-8.848414e+01
-5.972262e+00,-8.188084e+01
-8.523830e+00,-7.659821e+01
-1.021424e+01,-7.263623e+01
-9.002249e+00,-3.829910e+01
-7.120468e+00,2.641317e+00
-6.004157e+00,2.377186e+01
-4.760268e+00,4.028009e+01
-3.548273e+00,5.216602e+01
-1.762176e+00,6.603294e+01
2.097069e+00,9.442710e+01
5.669264e+00,1.274436e+02
7.614834e+00,1.485741e+02
9.145774e+00,1.664030e+02
1.010261e+01,1.776286e+02
9.815561e+00,1.432915e+02
9.018196e+00,5.216602e+01
8.284620e+00,-1.056527e+01
7.487255e+00,-4.226108e+01
6.849364e+00,-6.141063e+01
6.051999e+00,-7.527755e+01
5.477896e+00,-8.254117e+01
4.393480e+00,-8.848414e+01
3.596115e+00,-9.244611e+01
2.990118e+00,-9.244611e+01
-4.863925e-01,-8.782381e+01
-4.441322e+00,-8.056018e+01
-7.726465e+00,-7.593788e+01
-9.353089e+00,-7.263623e+01
-1.011856e+01,-6.933458e+01
-9.034143e+00,-4.226108e+01
-7.471308e+00,-3.301647e+00
-6.195524e+00,1.914955e+01
-5.015425e+00,3.565779e+01
-3.580168e+00,4.886437e+01
-1.889755e+00,6.273129e+01
1.833939e-01,7.593788e+01
2.766856e+00,9.376677e+01
6.402839e+00,1.254626e+02
9.305247e+00,1.571584e+02
1.013451e+01,1.670633e+02
9.018196e+00,5.084536e+01
8.412199e+00,6.603294e-01
7.678623e+00,-3.103548e+01
7.168310e+00,-4.688339e+01
6.817469e+00,-5.612800e+01
6.275261e+00,-6.603294e+01
5.701158e+00,-7.329656e+01
5.031372e+00,-7.857920e+01
4.202112e+00,-8.320150e+01
3.372853e+00,-8.584282e+01
2.416015e+00,-8.584282e+01
7.256020e-01,-8.518249e+01
-2.814698e+00,-7.989985e+01
-6.737733e+00,-7.329656e+01
-9.193616e+00,-6.999491e+01
-1.174518e+01,-6.669327e+01
-1.426486e+01,-6.405195e+01
-1.531738e+01,-6.405195e+01
-1.394591e+01,-3.301647e+01
-1.282960e+01,-1.122560e+01
-1.200034e+01,1.320659e+00
-1.082024e+01,1.584790e+01
-9.416878e+00,2.971482e+01
-7.726465e+00,4.292141e+01
-5.717106e+00,5.414701e+01
-3.675852e+00,6.339162e+01
-1.921649e+00,7.131557e+01
1.522967e+00,8.716348e+01
3.978850e+00,1.030114e+02
6.275261e+00,1.201799e+02
9.018196e+00,1.465931e+02
1.208008e+01,1.796096e+02
1.453596e+01,2.060228e+02
1.520575e+01,2.132864e+02
1.511006e+01,1.908352e+02
1.431270e+01,9.376677e+01
1.351533e+01,5.942964e+00
1.329207e+01,-1.320659e+01
1.278176e+01,-3.961976e+01
1.220766e+01,-6.207096e+01
1.153787e+01,-7.923952e+01
1.067671e+01,-9.442710e+01
1.000693e+01,-9.970973e+01
9.113880e+00,-1.030114e+02
7.997569e+00,-1.043320e+02
7.327782e+00,-1.036717e+02
5.701158e+00,-9.838908e+01
4.106429e+00,-9.310644e+01
2.798750e+00,-8.848414e+01
1.012653e+00,-8.452216e+01
-1.730282e+00,-7.791887e+01
-3.803430e+00,-7.395689e+01
-8.204884e+00,-6.801393e+01
-1.251065e+01,-6.405195e+01
-1.404159e+01,-6.207096e+01
-1.528548e+01,-5.942964e+01
-1.413728e+01,-3.829910e+01
-1.257444e+01,-9.904941e+00
-1.123487e+01,8.584282e+00
-1.005477e+01,1.980988e+01
-8.460040e+00,3.235614e+01
-6.482576e+00,4.490240e+01
-4.154271e+00,5.480734e+01
1.833939e-01,7.197590e+01
3.946956e+00,8.848414e+01
6.721785e+00,1.036717e+02
8.826828e+00,1.175386e+02
1.147408e+01,1.419708e+02
1.361102e+01,1.637617e+02
1.517385e+01,1.809302e+02
1.514196e+01,1.723460e+02
1.469543e+01,1.281039e+02
1.380238e+01,4.028009e+01
1.319639e+01,-7.263623e+00
1.284555e+01,-2.245120e+01
1.230334e+01,-4.292141e+01
1.163355e+01,-6.008997e+01
1.089998e+01,-7.197590e+01
1.003882e+01,-7.989985e+01
9.337142e+00,-8.386183e+01
8.188936e+00,-8.782381e+01
7.582939e+00,-8.782381e+01
6.307156e+00,-8.716348e+01
3.691799e+00,-8.188084e+01
1.522967e+00,-7.791887e+01
-1.993412e-01,-7.527755e+01
-2.814698e+00,-7.131557e+01
-5.461949e+00,-6.801393e+01
-8.747092e+00,-6.537261e+01
-1.117108e+01,-6.405195e+01
-1.452001e+01,-5.942964e+01
-1.528548e+01,-5.876931e+01
-1.445622e+01,-4.226108e+01
-1.273392e+01,-1.386692e+01
-1.139434e+01,5.282635e+00
-1.037372e+01,1.452725e+01
-9.034143e+00,2.509252e+01
-7.503203e+00,3.499746e+01
-6.067946e+00,4.292141e+01
-4.728373e+00,4.820404e+01
-2.950250e-01,6.273129e+01
2.894434e+00,7.527755e+01
6.275261e+00,8.980479e+01
8.890617e+00,1.036717e+02
1.093187e+01,1.188593e+02
1.294123e+01,1.360279e+02
1.517385e+01,1.578187e+02
1.514196e+01,1.485741e+02
1.456785e+01,9.574776e+01
1.396186e+01,4.952470e+01
1.319639e+01,-1.320659e+00
1.255850e+01,-3.169581e+01
1.208008e+01,-4.226108e+01
1.166545e+01,-5.084536e+01
1.125082e+01,-5.810898e+01
1.074050e+01,-6.339162e+01
1.026208e+01,-6.867425e+01
8.954407e+00,-7.593788e+01
8.093253e+00,-7.725854e+01
7.136415e+00,-7.791887e+01
6.179577e+00,-7.791887e+01
4.138323e+00,-7.527755e+01
8.212857e-01,-7.131557e+01
-2.687119e+00,-6.603294e+01
-9.225511e+00,-6.008997e+01
-1.385023e+01,-5.810898e+01
-1.525359e+01,-5.612800e+01
-1.292528e+01,-1.782889e+01
-1.164950e+01,-6.603294e-01
-9.959086e+00,1.650823e+01
-8.077305e+00,2.971482e+01
-6.323103e+00,3.829910e+01
-8.691276e-01,5.678833e+01
2.671172e+00,6.669327e+01
5.733053e+00,7.923952e+01
8.188936e+00,9.046512e+01
1.070861e+01,1.063130e+02
1.335586e+01,1.254626e+02
1.472733e+01,1.406502e+02
1.517385e+01,1.439518e+02
1.491870e+01,1.195196e+02
1.418512e+01,6.008997e+01
1.300502e+01,-6.603294e+00
1.274986e+01,-1.716856e+01
1.243092e+01,-2.773383e+01
1.208008e+01,-3.631812e+01
1.160166e+01,-4.622306e+01
1.099566e+01,-5.480734e+01
1.035777e+01,-6.141063e+01
9.624193e+00,-6.471228e+01
8.635461e+00,-6.867425e+01
7.869991e+00,-6.999491e+01
4.489164e+00,-7.065524e+01
2.033280e+00,-6.603294e+01
-2.687119e+00,-6.141063e+01
-9.034143e+00,-5.744866e+01
-1.404159e+01,-5.414701e+01
-2.045241e+01,-5.216602e+01
-1.952746e+01,-3.829910e+01
-1.812410e+01,-1.914955e+01
-1.665695e+01,-3.961976e+00
-1.531738e+01,7.923952e+00
-1.340370e+01,1.980988e+01
-1.104350e+01,2.839416e+01
-8.651408e+00,3.697844e+01
1.969491e+00,6.405195e+01
5.860631e+00,7.461722e+01
9.400931e+00,9.178578e+01
1.109134e+01,1.003701e+02
1.357912e+01,1.181990e+02
1.536522e+01,1.347072e+02
1.788489e+01,1.617807e+02
2.368971e+01,2.258326e+02
