Radial elongation [mm],Load [kN]
0.0,0.0
-0.0003576319751574797,1.90211936
-0.0007190292507657237,3.80089853
-0.00251347939466684,5.00614751
-0.005178103188156813,5.50212039
-0.007799307298584468,5.86943566
-0.010434921898758276,6.1592961299999995
-0.013119027218791768,6.39371427
-0.01587006473870267,6.58606811
-0.018695278358222822,6.74563976
-0.021594682578921054,6.87936231
-0.024562731950214634,6.99258367
-0.02759162443473695,7.08953976
-0.030670063194082386,7.17345597
-0.033784040345516964,7.24680463
-0.036918850378314216,7.3114923
-0.04007245031863493,7.36936035
-0.043243193444826744,7.42173191
-0.046427784800367355,7.46955943
-0.04962393369893925,7.5135010300000005
-0.0528286156580875,7.55420214
-0.05604022675365017,7.59203495
-0.059258492225201076,7.627348710000001
-0.06248313555726703,7.6604143
-0.06571336146888496,7.69143948
-0.0689485765521416,7.72059247
-0.0721890134144374,7.74801938
-0.07543407491455367,7.77383331
-0.07868472134321469,7.7981406699999996
-0.08194077255158772,7.82102435
-0.0852022561116279,7.84255799
-0.08846909520144042,7.86280451
-0.09174194617184961,7.88182328
-0.0950212599611513,7.899666610000001
-0.09830749068099864,7.91637951
-0.10160077960403702,7.93200353
-0.1049011635273478,7.94657473
-0.10820952534378159,7.960130299999999
-0.11152622469889728,7.97270191
-0.1148516238767836,7.98431831
-0.11818598155928273,7.995007139999999
-0.12152977132987286,8.004793920000001
-0.1248832569677163,8.01370241
-0.128246917993722,8.021754829999999
-0.13162091640909224,8.02897226
-0.13500563003530752,8.035374840000001
-0.1384015470569384,8.040981
-0.14180894416101553,8.045808769999999
-0.1452278846176278,8.049874899999999
-0.1486588644984954,8.05319587
-0.15210205909525398,8.0557867
-0.15555775368270197,8.05766243
-0.1590260186520831,8.05883701
-0.16250714287102608,8.05932406
-0.16600109051286505,8.05909308
-0.16950815352812887,8.058287870000001
-0.17302829797503438,8.05678949
-0.1765617092975149,8.0546537
-0.18010835487384025,8.05189202
-0.1836683122292888,8.04851597
-0.18724154946115346,8.04453627
-0.19082814525540437,8.0399638
-0.1944282899867975,8.03480898
-0.19804162090241384,8.029082500000001
-0.2016685511285745,8.02279414
-0.2053087173555448,8.01595377
-0.20896242362143624,8.0085712
-0.21262952916861688,8.00065577
-0.21631011664022726,7.99221692
-0.22000415730822565,7.983263839999999
-0.22371162251170484,7.97380549
-0.22743248365541802,7.963850529999999
-0.23116693834607438,7.9534077100000005
-0.23491484624678804,7.94248557
-0.2386761796875625,7.93109223
-0.24245113865929757,7.9192358899999995
-0.2462395830672881,7.90692471
-0.25004160049445745,7.89416644
-0.25385716506352196,7.88096876
-0.2576863657768158,7.86733925
-0.2615292927403119,7.85328508
-0.26538569128465905,7.83881383
-0.26925599813259504,7.82393221
-0.27314007516533056,7.80864753
-0.2770378994301701,7.7929662099999994
-0.28094956443971664,7.7768951699999995
-0.28487528150282904,7.76044061
-0.28881479669791443,7.7436091
-0.2927684398418591,7.72640687
-0.2967361918951017,7.70883968
-0.3007180339920039,7.69091378
-0.30471406541551227,7.67263461
-0.3087243867423619,7.6540080900000005
-0.3127490998668869,7.635039689999999
-0.31678818920493557,7.61573474
-0.3208417584992176,7.59609845
-0.32490967407724547,7.57613616
-0.32899228008964587,7.55585285
-0.3330895644936409,7.5352535
-0.33720139523753523,7.5143427
-0.3413280010803823,7.49312557
-0.34099644364455917,5.88397877
-0.3406650729885783,4.27322794
-0.34033413001291124,2.6608841900000004
-0.33999722891797557,1.0485588499999998
-0.3394267254950778,-0.49538673
-0.33822420284804955,-1.73200472
-0.3363357309841628,-2.4158147399999996
-0.3344152978608381,-2.93121636
-0.3324329098953769,-3.35219348
-0.3303511746477945,-3.70661267
-0.3281483319385061,-4.00746353
-0.3258118385318811,-4.26376352
-0.32333748178114274,-4.482769599999999
-0.3207280148826397,-4.67073465
-0.3179935790847883,-4.833154749999999
-0.31514795901835946,-4.9749029600000005
-0.31220925467639793,-5.10002753
-0.3091938017620115,-5.212090669999999
-0.30611794979697593,-5.313861770000001
-0.3029959340060495,-5.40754268
-0.2998383606256727,-5.4948068800000005
-0.2966557599827333,-5.5770349999999995
-0.29345506944586996,-5.6551789
-0.2902417714776162,-5.72998914
-0.28702084075724965,-5.80208432
-0.2837937186923012,-5.87174134
-0.2805648601939066,-5.93945423
-0.27733613261321355,-6.00542366
-0.2741083463901912,-6.06987421
-0.2708829999100697,-6.13296803
-0.26766158040641486,-6.1948244699999995
-0.2644438355385903,-6.2555783499999995
-0.26123193035988845,-6.31527981
-0.2580272103158441,-6.37406875
-0.25482940661951337,-6.43189124
-0.25163962524884465,-6.48885603
-0.24845805074500138,-6.5450133500000005
-0.24528714599795554,-6.60030361
-0.2421285598770313,-6.654940109999999
-0.23897938683273767,-6.70881595
-0.23584014329766578,-6.76202464
-0.232710550023002,-6.81460435
-0.22958920021369056,-6.86654638
-0.2264775163534012,-6.91797857
-0.22337522250757735,-6.96892588
-0.2202804715349107,-7.0192480800000006
-0.2171949068953163,-7.06913313
-0.21411724908940344,-7.11854246
-0.21104823989018628,-7.16755887
-0.2079858259489129,-7.21602117
-0.20493287033604224,-7.26410242
-0.20188765645747253,-7.31177352
-0.19885014504622633,-7.35904595
-0.19582051890617036,-7.40593255
-0.19279951305894127,-7.45249593
-0.18978531659916098,-7.49857918
-0.18677855737364513,-7.5443757
-0.183778317495356,-7.5898424
-0.1807858839597798,-7.63497369
-0.17780077927796278,-7.6798474599999995
-0.17482165255008586,-7.72435955
-0.17184814635107504,-7.76852062
-0.16888307309445683,-7.81243345
-0.16592442903788718,-7.856064379999999
-0.16297272747517444,-7.89947735
-0.1600263045358501,-7.94250671
-0.15708654571084102,-7.98533319
-0.1541532024569321,-8.027904099999999
-0.1512262442364669,-8.07022411
-0.14830618081714175,-8.11229423
-0.14539319531066108,-8.15411716
-0.1424872544178868,-8.19569695
-0.1395880026187748,-8.23704334
-0.13669701873259488,-8.27820758
-0.13381351414174047,-8.319074239999999
-0.1309375612355803,-8.359706959999999
-0.12807030046531942,-8.40010196
-0.12521094519943388,-8.44026906
-0.12235988538804388,-8.48021065
-0.11951612609945528,-8.51993991
-0.1166803776310299,-8.55945437
-0.11385143745250015,-8.598707399999999
-0.11103202779930643,-8.63785918
-0.10821935732495658,-8.67675982
-0.10541413496247154,-8.715463680000001
-0.10261674930972364,-8.753972110000001
-0.09982716575570416,-8.79228763
-0.09704492958977085,-8.8304168
-0.09427032347187292,-8.86835966
-0.09150373330205341,-8.906117329999999
-0.0887450196271562,-8.94369015
-0.08599341693922069,-8.98102973
-0.08325192056963315,-9.01828494
-0.08051861170783958,-9.05530006
-0.07779470399231281,-9.092122419999999
-0.07508046921436207,-9.128748439999999
-0.07237669655090562,-9.165173549999999
-0.06968365286930234,-9.20139425
-0.06700170719164888,-9.23740707
-0.06433236324001124,-9.273198319999999
-0.06467088070271632,-7.38872134
-0.0650096641068203,-5.50604509
-0.06534871359203343,-3.6251579
-0.06568792590233774,-1.7460601999999998
-0.0660496386928644,0.12475821999999999
-0.06669247143657975,1.88981899
-0.06807215455649063,3.2523375900000002
-0.07001678763777841,3.98243241
-0.07195176408887538,4.54676199
-0.0739386302612266,5.01425174
-0.0760113305946939,5.4090042899999995
-0.0781948069588323,5.7443638
-0.08050860903206969,6.02937452
-0.08296635397288865,6.27089516
-0.08557632693282868,6.47461298
-0.08833266492310421,6.64519703
-0.09121829430392947,6.78699839
-0.0942106097472366,6.90438561
-0.09731137597346207,7.002478310000001
-0.10050975259150108,7.08500157
-0.10379695180078352,7.15496657
-0.10715959468316494,7.214941410000001
-0.11058559336497065,7.26680307
-0.11406383989277091,7.31212803
-0.11758495543623537,7.35212675
-0.12114130387620681,7.38773627
-0.12472636663339176,7.41968336
-0.128335607006427,7.448534319999999
-0.1319653108145984,7.474727270000001
-0.13561237935884174,7.49860564
-0.1392741201348331,7.52043493
-0.1429492198650033,7.5404368999999996
-0.14663635516394136,7.55878497
-0.15033451673011977,7.57562026
-0.15404268738413118,7.59105814
-0.15776038474904142,7.605195370000001
-0.16148712269943566,7.618113790000001
-0.16522252030389262,7.629882800000001
-0.16896608442115424,7.64056195
-0.1727177557914048,7.65020393
-0.17647747477581177,7.6588546299999996
-0.18024518134997103,7.66655444
-0.18402059483043698,7.67333994
-0.18780387374876018,7.67924385
-0.1915951780643803,7.68429583
-0.19539433670399897,7.6885229
-0.19920162150228493,7.69195006
-0.20301697281248643,7.6946001
-0.206840553659547,7.69649423
-0.2106725285739337,7.69765237
-0.2145128395869098,7.69809269
-0.21836165285993014,7.69778185
-0.2222192486135981,7.69688884
-0.22608545865365892,7.69527618
-0.22996067840287804,7.6930096
-0.2338448539270397,7.69010272
-0.23773815793452524,7.686568879999999
-0.2416406510613367,7.6824205899999995
-0.24555250862272882,7.677669979999999
-0.24947379339811082,7.6723285
-0.2534046833911412,7.6664072800000005
-0.2573452436010166,7.65991706
-0.2612956548049925,7.65286791
-0.265255869011225,7.64526986
-0.26922618462145675,7.63713252
-0.27320655549078476,7.6284651000000006
-0.2771972834941314,7.61927656
-0.2811983244131975,7.60957559
-0.28520975043593166,7.59937057
-0.2892318684286874,7.5886698
-0.29326463679924886,7.57748119
-0.2973082486838672,7.565812520000001
-0.30136278152161045,7.5536711500000004
-0.30542831370283996,7.54106461
-0.30950504289424163,7.52800004
-0.31359293170361746,7.51448428
-0.31769229925081777,7.50052426
-0.32180322965392394,7.486126570000001
-0.3259256886266966,7.4712976200000005
-0.3300600010778829,7.45604381
-0.33420613520159703,7.4403711
-0.33836442021723667,7.42428574
-0.3425348269118895,7.40779356
-0.34671744701639096,7.39090007
-0.3509126160206064,7.37361106
-0.3551204299402342,7.35593193
-0.35934086416464917,7.337868070000001
-0.3635742607744157,7.319424519999999
-0.3678204755603629,7.30060662
-0.37208010025062976,7.28141899
-0.37635287084908753,7.26186665
-0.38063913842528607,7.241954499999999
-0.38493913427388127,7.22168699
-0.38925272000850497,7.201068599999999
-0.3935802541054221,7.180103890000001
-0.3979218495965935,7.15879718
-0.40227762111185283,7.137152769999999
-0.4066476849108356,7.11517479
-0.41103215891573197,7.092867350000001
-0.4154312889621985,7.07023454
-0.4151201938317215,5.48766543
-0.41480979059293954,3.90350507
-0.41449982655314743,2.31776759
-0.4141398548421744,0.74272984
-0.4134453681010539,-0.73279205
-0.4120680115319799,-1.87680167
-0.409958365324983,-2.58271104
-0.4076790524520506,-3.12566039
-0.4052473546032287,-3.55828592
-0.40265683085944226,-3.90953936
-0.39990087807036145,-4.19759288
-0.3969823456992123,-4.43567085
-0.3939139500014328,-4.634418579999999
-0.390714319954347,-4.80260613
-0.3874049485379165,-4.94737848
-0.38400891091565725,-5.07425633
-0.3805465119368201,-5.18761373
-0.3770345659873098,-5.29069464
-0.37348704278139855,-5.38589243
-0.3699143580780795,-5.4749612800000005
-0.36632500172157867,-5.559169310000001
-0.3627255575194488,-5.63953742
-0.35911950465611286,-5.71661809
-0.3555110216240427,-5.79099394
-0.3519026727768775,-5.8630642900000005
-0.3482957891922658,-5.93306563
-0.3446945901133531,-6.00144333
-0.3410973506561634,-6.06819034
-0.3375062105379161,-6.13351754
-0.33392161048766966,-6.197481300000001
-0.3303445864490482,-6.26034315
-0.32677485077470814,-6.32212263
-0.3232134303972971,-6.382883799999999
-0.31966039146843883,-6.44269798
-0.31611615602500653,-6.501617820000001
-0.3125803130222762,-6.55978997
-0.30905186359841297,-6.617021759999999
-0.3055326500637434,-6.6735792400000005
-0.3020216726942597,-6.72943241
-0.29851982086184736,-6.7845998
-0.2950268037297479,-6.839197240000001
-0.2915404599464464,-6.89304085
-0.28806320210119907,-6.94636322
-0.2845942753972168,-6.9991175199999995
-0.28113328032683116,-7.0513309600000005
-0.2776807496866325,-7.10302089
-0.2742357055495672,-7.1542127
-0.27079821883043387,-7.20492405
-0.2673683599795369,-7.2551720500000005
-0.26394642939798674,-7.30496353
-0.2605334150953058,-7.35429389
-0.25712960894965,-7.40317821
-0.2537342699348417,-7.45163857
-0.2503481489164765,-7.49967572
-0.24697130656683197,-7.547382440000001
-0.2436049419336206,-7.59449925
-0.24025104063107916,-7.64134624
-0.23690635529476212,-7.6876456399999995
-0.23357343769971584,-7.7336285799999995
-0.2302506392146937,-7.7792474700000005
-0.22693733895273738,-7.82451977
-0.2236322452825259,-7.86947385
-0.22033744771656227,-7.91408994
-0.21705221613194747,-7.9583831499999995
-0.21377537806691294,-8.00237995
-0.21050834033796062,-8.04607408
-0.20724971064010145,-8.08948175
-0.20399977728286456,-8.1326064
-0.2007582708262905,-8.17546067
-0.19752636635095255,-8.218035200000001
-0.19430323697471286,-8.260346519999999
-0.19108850409977207,-8.30240396
-0.18788388892985108,-8.34427456
-0.18468669370821833,-8.38575536
-0.1814989689307296,-8.42706007
-0.17831934741568922,-8.46814106
-0.17514975956929546,-8.50905415
-0.17198665212750708,-8.54961509
-0.16883250356500712,-8.59002866
-0.16568813992821818,-8.630293669999999
-0.16255144289697188,-8.670281059999999
-0.15942204729058007,-8.710000249999998
-0.1563021939591076,-8.74958179
-0.1531905350036784,-8.788969929999999
-0.15008681284769465,-8.828168750000001
-0.14699249866602004,-8.86724467
-0.1439057136018116,-8.90599668
-0.14082792619940632,-8.94463219
-0.1377585548592255,-8.98308913
-0.13469873746893102,-9.02143147
-0.13164532275052232,-9.05947649
-0.12860212675123517,-9.09747829
-0.12556653892436076,-9.13524908
-0.12254363566020543,-9.17280846
-0.11954005626283015,-9.21008102
-0.11655953107086492,-9.24703612
-0.11360905430502033,-9.28360412
-0.11070319960044395,-9.31962975
-0.10784081007965929,-9.355138440000001
-0.10500733510654459,-9.39028727
-0.10532630777751084,-7.51374316
-0.10564565088788092,-5.63899222
-0.10596525903034193,-3.7660207900000002
-0.10628534356413666,-1.89483016
-0.10667847421522181,-0.044737439999999996
-0.10737261987468849,1.6937459
-0.10878515234254782,3.05440012
-0.11091323650817975,3.85376862
-0.11305336588445103,4.4583655
-0.11523699102513163,4.94106893
-0.11750484728379718,5.33789969
-0.1198907478553275,5.6686669499999995
-0.12241676615922037,5.9455089
-0.1250963758102126,6.17711734
-0.12793429602484307,6.37038425
-0.1309268607141132,6.53124284
-0.1340640954202097,6.66499488
-0.13732557863699646,6.77619773
-0.14068915993048647,6.86899634
-0.14413405656550715,6.9469802
-0.14764042367579178,7.01310923
-0.15120157940353063,7.069968090000001
-0.1548100368796712,7.119485050000001
-0.1584557567085172,7.16307518
-0.16213199603453576,7.2016976800000005
-0.1658350128737056,7.236343410000001
-0.16955906951357758,7.26764056
-0.17330309027468926,7.2959098000000004
-0.17706204164815298,7.32168779
-0.18083425713872892,7.34521921
-0.1846187177344809,7.36674671
-0.1884143961711331,7.38646103
-0.19221948234858988,7.40450979
-0.19603403579779255,7.42102718
-0.19985711678211504,7.43612029
-0.20368833439182943,7.44987929
-0.20752718291183014,7.4623777
-0.21137359965810631,7.4736872000000005
-0.21522774562130764,7.48386605
-0.2190895586807291,7.49296574
-0.22295875118217912,7.50102941
-0.2268354842260123,7.508099860000001
-0.23072003345993886,7.514213939999999
-0.2346124504800653,7.51940454
-0.23851256036269164,7.52370082
-0.2424207556983382,7.52713222
-0.2463373186385016,7.52972451
-0.2502623053726025,7.53150105
-0.25419577271676874,7.53248415
-0.2581381225826198,7.532694129999999
-0.2620894154186182,7.5320632
-0.2660498277055363,7.53087092
-0.27001953768257825,7.52887274
-0.2739988412518375,7.5261721
-0.27798757263485463,7.52278419
-0.28198637956505124,7.518723560000001
-0.2859949825044268,7.51400407
-0.290013918185297,7.5086390199999995
-0.2940430251615369,7.50264085
-0.2980827282150287,7.4960219200000004
-0.3021329851840575,7.48879368
-0.3061939898559811,7.4809673199999995
-0.3102659380837469,7.47255363
-0.3143491464719035,7.46356313
-0.31844357810985136,7.4540056
-0.3225494344094666,7.44389077
-0.326666918990723,7.43322812
-0.33079611790530494,7.422026450000001
-0.334937238420125,7.41029467
-0.3390904901229568,7.39804139
-0.343255843529243,7.38527471
-0.34743363219506374,7.37200264
-0.3516240720029913,7.3582331100000005
-0.3558271380417446,7.343973399999999
-0.360043049345502,7.32923128
-0.3642720275057958,7.314013490000001
-0.3685142967221564,7.29832723
-0.37276983803765495,7.28217918
-0.3770388790855155,7.26557594
-0.3813217737919621,7.24852401
-0.38561850853027924,7.23102953
-0.3899293183217081,7.2130985700000005
-0.3942544410772919,7.19473716
-0.39859399276760543,7.17595107
-0.40294809101269347,7.15674582
-0.4073169806895034,7.137127029999999
-0.41170090977801044,7.1170999
-0.41610012942736807,7.0966697000000005
-0.42051451415342234,7.0758414300000005
-0.42494457240387873,7.05462014
-0.4293903094657796,7.033010709999999
-0.43385198656065715,7.01101775
-0.43832986837808807,6.9886459599999995
-0.4428238378397902,6.9658997
-0.4473344210680781,6.94278359
-0.4518615049033887,6.91930173
-0.45640549366098093,6.895458690000001
-0.4609665370759477,6.87125838
-0.4655446568896182,6.84670474
-0.4701401371367375,6.82180202
-0.4698466743492664,5.26049002
-0.46955392123734074,3.6975983500000003
-0.469261746737869,2.13314622
-0.46885533015328695,0.59439276
-0.4680738921214249,-0.82501909
-0.46657820545030737,-1.8740891400000002
-0.46442610076883617,-2.55192087
-0.4620573482733499,-3.07642711
-0.4594929406198751,-3.49353143
-0.4567337235590223,-3.83079382
-0.4537822921722827,-4.10618926
-0.4506525244477919,-4.33306687
-0.4473670105269565,-4.52231225
-0.44395205729386356,-4.6828514100000005
-0.4404336500167747,-4.82177044
-0.4368370526397447,-4.9444592400000005
-0.43318246116530856,-5.055011980000001
-0.4294859440297898,-5.156387260000001
-0.42575999288545585,-5.25072726
-0.42201406850377765,-5.33956166
-0.4182551406753363,-5.424009600000001
-0.41448973513256626,-5.5049490699999994
-0.41071903050467506,-5.58276238
-0.4069495927623632,-5.65819292
-0.4031805361907692,-5.73128261
-0.3994158566323356,-5.80253489
-0.39565639590516644,-5.87207931
-0.39190336111289636,-5.940089810000001
-0.3881573277766841,-6.00671115
-0.3844199803166666,-6.07213494
-0.38068977647888613,-6.13621551
-0.3769696244370533,-6.19936445
-0.3732578569422873,-6.26141525
-0.3695547847290299,-6.32242748
-0.36586230690311794,-6.38270096
-0.36217864222009855,-6.44204776
-0.3585050715887057,-6.5005814200000005
-0.35484019013349344,-6.5582745000000005
-0.3511851529052754,-6.6153308399999995
-0.3475396525181005,-6.67169646
-0.34390435058840874,-6.727478909999999
-0.3402774930730137,-6.78246442
-0.3366607080935051,-6.83701617
-0.3330517704499638,-6.8908276299999995
-0.32945218565884793,-6.94416967
-0.3258616544622126,-6.99697673
-0.3222803571514101,-7.04926211
-0.3187069262023352,-7.101070770000001
-0.3151424986070781,-7.15248615
-0.31158547743748666,-7.2032756
-0.3080369980404418,-7.25371045
-0.3044970067853021,-7.30371627
-0.30096497976057,-7.35330878
-0.2974403975190767,-7.40250795
-0.2939234483763631,-7.4513276
-0.29041408522414414,-7.49977566
-0.28691214469309845,-7.54786556
-0.2834175813553257,-7.5956043300000005
-0.2799306990705288,-7.64300274
-0.27645098706187055,-7.69007144
-0.2729789810196288,-7.73681019
-0.269515096858687,-7.78321883
-0.26605974728077775,-7.829301569999999
-0.2626135720571545,-7.87515298
-0.2591745636049547,-7.92053215
-0.2557466927077363,-7.965658319999999
-0.25232955051588757,-8.01045365
-0.24892273157350364,-8.05493185
-0.2455253777839932,-8.09911664
-0.24213857201427857,-8.1430058
-0.23876236697031694,-8.18669315
-0.2353936416299527,-8.229966130000001
-0.2320349550966796,-8.27305999
-0.22868715354966151,-8.31596471
-0.22534724523359229,-8.35846806
-0.22201608556207675,-8.40082064
-0.2186945236709117,-8.44293541
-0.215382169762949,-8.484817730000001
-0.21207841335253175,-8.52648175
-0.20878432342724285,-8.56792104
-0.20550018110895318,-8.60912994
-0.2022249306434356,-8.65013035
-0.19895885666095903,-8.69092101
-0.19570146594306626,-8.7315104
-0.19245492449012502,-8.77196247
-0.18921674405797528,-8.81205919
-0.18598919518102086,-8.85211289
-0.18277112063449752,-8.89189511
-0.17956126167343922,-8.93142015
-0.176360671623909,-8.97083928
-0.17316864489356876,-9.01008873
-0.16998863391507868,-9.04921241
-0.16681588486044308,-9.08802285
-0.16365330070816952,-9.12673191
-0.16050180755728927,-9.16525618
-0.15735885208215317,-9.20362041
-0.1542243906693317,-9.24182721
-0.15110335605258896,-9.279907380000001
-0.14800010799136376,-9.317652319999999
-0.1449210259398659,-9.355074259999999
-0.14521742514115688,-7.486660270000001
-0.1455143031018007,-5.62001797
-0.14581155218785824,-3.75514561
-0.14611931344004758,-1.89433568
-0.146552833232088,-0.06629146
-0.14727519582642823,1.64734331
-0.14868511592436007,2.97737204
-0.15084970864994318,3.78678358
-0.1531024933689471,4.40694916
-0.15543566119259467,4.90110113
-0.157860374455834,5.30092342
-0.16040200043596475,5.62867514
-0.1630838886873467,5.89944975
-0.16591843147585172,6.12375664
-0.1689084129951337,6.30957658
-0.1720477030294254,6.463491530000001
-0.175324028765655,6.5911560300000005
-0.17872088904528427,6.69743328
-0.18222014534212638,6.78647368
-0.18580056223137364,6.86163504
-0.18944560976478808,6.92572351
-0.19313996114806953,6.98093325
-0.19687238388404693,7.02899374
-0.20063211099008438,7.07116038
-0.2044134106092237,7.10863361
-0.20821686580099774,7.14206466
-0.2120370249918484,7.17219363
-0.21587164138899473,7.19950346
-0.21971934796785475,7.2241187600000005
-0.22357764031185434,7.2465598
-0.2274468132098264,7.26699319
-0.23132569419918347,7.28559361
-0.23521344066768246,7.30251677
-0.2391099977568163,7.31788813
-0.24301474109769505,7.33180763
-0.24692749722095075,7.34436682
-0.25084809121677476,7.3556440599999995
-0.25477680510486,7.36570778
-0.258713578988224,7.37461615
-0.26265858277654575,7.38242018
-0.2666115265180746,7.38916478
-0.27057258030294884,7.39489061
-0.2745422636297348,7.39963684
-0.2785206361968784,7.40343706
-0.28250799128496684,7.40632178
-0.286504391601776,7.40831937
-0.2905103685602537,7.40945565
-0.29452575510504997,7.40975464
-0.29855085294916917,7.40915221
-0.30258608465701564,7.4079273400000005
-0.3066316407821952,7.405842580000001
-0.31068771389064964,7.40300189
-0.31475449859671767,7.399422690000001
-0.31883231056506434,7.39512106
-0.322921468743935,7.39011261
-0.32702193678458524,7.38441179
-0.3311340377370027,7.3780328399999995
-0.3352580980824684,7.3709889
-0.3393942069232687,7.36329265
-0.3435424545132464,7.35495641
-0.3477032954096895,7.34599182
-0.351876703641381,7.33640982
-0.35606313989861516,7.3262216
-0.36026258199673933,7.31543718
-0.36447525240368184,7.30406672
-0.36870149880532277,7.2921197300000005
-0.37294142699164023,7.27960569
-0.377195144202483,7.26653344
-0.38146312986079933,7.25291185
-0.38574524934879006,7.23874892
-0.390041988125156,7.22405326
-0.3943533389939118,7.20883244
-0.3986796697724717,7.19309411
-0.403021102205793,7.17684596
-0.4073778853726788,7.16009505
-0.4117501456005104,7.14284819
-0.4161382636101092,7.12511226
-0.42054224494607007,7.1068939
-0.4249624766374611,7.088199510000001
-0.4293990958871825,7.06903526
-0.43385224196437955,7.0494071400000005
-0.4383223123832498,7.029321009999999
-0.4428095813292454,7.00878252
-0.4473139402957209,6.98779724
-0.45183592600784084,6.9663706
-0.4563756933761376,6.94450781
-0.4609332698027677,6.922213719999999
-0.4655092049803622,6.89949359
-0.47010353291472695,6.87635214
-0.4747164198090901,6.85279397
-0.4793481660814003,6.828823860000001
-0.48399907651743157,6.80444629
-0.48866919570862977,6.77966544
-0.49335883502407896,6.75448576
-0.49806831047480715,6.72891139
-0.5027975420805642,6.7029465
-0.5075471196717802,6.676595
-0.5123169692437841,6.64986094
-0.5171072864161752,6.62274823
-0.5219185408104194,6.59526058
-0.5216440212181641,5.0550693099999995
-0.5213704994150834,3.5133216000000003
-0.5210910778550288,1.9715087
-0.5206270247162144,0.47131936
-0.519774341527617,-0.89006759
-0.5181877311885963,-1.8546816799999999
-0.516005390845371,-2.50517435
-0.5135747580184196,-3.00853674
-0.5109235076732963,-3.40693968
-0.5080593845598278,-3.72807812
-0.5049911037053993,-3.99014787
-0.5017387410735068,-4.20645175
-0.4983295967490069,-4.387660009999999
-0.4947937018468198,-4.54232145
-0.4911595180404258,-4.67711068
-0.4874514222677011,-4.7970865599999994
-0.48368842251996225,-4.90590486
-0.4798878988706128,-5.0063322
-0.4760610248438424,-5.10026676
-0.47221768566330113,-5.189164079999999
-0.4683616614879347,-5.27378083
-0.4645004721589785,-5.35508847
-0.4606371447900921,-5.43354633
-0.45677428740964787,-5.50956788
-0.452914999103152,-5.583553439999999
-0.44905899531929316,-5.65548279
-0.4452088243111232,-5.725833590000001
-0.44136585434554276,-5.7946601399999995
-0.4375304162960483,-5.862102009999999
-0.43370271021111706,-5.92828251
-0.4298839533333849,-5.993279279999999
-0.4260742075942716,-6.05718245
-0.4222741683042648,-6.120151369999999
-0.4184823744263866,-6.18198754
-0.414701542295584,-6.24309142
-0.41092983163108876,-6.30325236
-0.4071679310109304,-6.36260125
-0.40341602162617196,-6.4211816399999995
-0.399673533306407,-6.479035039999999
-0.3959410235281249,-6.53618674
-0.392218422794937,-6.59267092
-0.38850479367762314,-6.64843369
-0.38480205547431434,-6.7037583000000005
-0.38110828033496946,-6.75841298
-0.37742426987212707,-6.812503700000001
-0.37374848193767995,-6.86597491
-0.3700834377183597,-6.91910144
-0.3664268611415036,-6.971642869999999
-0.3627786954721117,-7.023616189999999
-0.35914059103163876,-7.0752083
-0.35551090000571905,-7.12636327
-0.35188993086019904,-7.17718485
-0.34827689971956866,-7.2274087499999995
-0.34467332529195316,-7.277409759999999
-0.3410767347462993,-7.32685192
-0.3374892481550682,-7.37600136
-0.33390972633533456,-7.42479291
-0.33033775870686943,-7.4732438199999995
-0.3267738945378602,-7.52134812
-0.3232178436063913,-7.56912615
-0.31966931825905176,-7.61658752
-0.3161288647880445,-7.663734290000001
-0.3125958397585953,-7.71058738
-0.3090694869392179,-7.75715756
-0.3055503548349394,-7.80344339
-0.30203875191452045,-7.84945248
-0.29853521928897986,-7.8952814600000005
-0.2950379476363705,-7.94066661
-0.2915509957859439,-7.98593746
-0.288070912683589,-8.0307749
-0.284599871750034,-8.07552986
-0.28113607286673226,-8.11985257
-0.27768376887402013,-8.16406722
-0.2742418477666113,-8.207905989999999
-0.2708089752719627,-8.25139913
-0.2673878679866055,-8.29470508
-0.26397661306075726,-8.337769060000001
-0.26057526750939863,-8.38059247
-0.2571836585572189,-8.423280290000001
-0.25380058412562745,-8.46557607
-0.2504281666647694,-8.50772832
-0.24706566010018505,-8.5497534
-0.24371198261788507,-8.59139932
-0.24036935693879213,-8.633004849999999
-0.23703545129234094,-8.67423763
-0.23371100892294527,-8.715361150000001
-0.23039586347680574,-8.75629805
-0.22709176774430873,-8.79702444
-0.22379708366414408,-8.837564819999999
-0.22051232091930473,-8.8779181
-0.21723955619382207,-8.918057430000001
-0.21397625995621206,-8.95801791
-0.21072327461624862,-8.99788446
-0.2074802093142738,-9.03749109
-0.20424689893070203,-9.076842500000001
-0.20102373556514097,-9.11610616
-0.1978122184411526,-9.15518599
-0.19461073449518929,-9.194101329999999
-0.19142066803803148,-9.23292067
-0.18824571202384055,-9.271431210000001
-0.1885138697743225,-7.41282727
-0.18878261934134488,-5.55597563
-0.1890520714277839,-3.70087432
-0.18936497327595037,-1.85586189
-0.18983183101679746,-0.050939660000000005
-0.19057434526864303,1.63299328
-0.1919768806787896,2.9239979899999997
-0.19413920802294382,3.73291945
-0.19645327202204155,4.35205938
-0.1988906751671069,4.8476587
-0.2014505844987189,5.24831803
-0.204135305764936,5.57394081
-0.20695610762034056,5.84026017
-0.2099225715070312,6.05913842
-0.21303620629851605,6.23952594
-0.2162902702513505,6.38851292
-0.21967171566590005,6.51195828
-0.2231641606496113,6.6147526
-0.2267508917244594,6.700975929999999
-0.23041530295947688,6.77394445
-0.23414281438163864,6.83631098
-0.23791929810238255,6.89011358
-0.24173449103953581,6.93699454
-0.24557872789913993,6.97823227
-0.24944625903687268,7.01469987
-0.25333243002567896,7.04718507
-0.25723208659328356,7.07624401
-0.2611430191070916,7.10234202
-0.26506530382264826,7.125773140000001
-0.2689979780485523,7.14699994
-0.27293949150587093,7.16625006
-0.2768923423070746,7.18345847
-0.28085137349907985,7.19910948
-0.28482082568613265,7.21298492
-0.28879808321752964,7.225469629999999
-0.29278425499294314,7.2365658999999996
-0.29677916875115695,7.24634927
-0.30078323925403794,7.25489097
-0.3047966493662184,7.26225087
-0.3088193473197489,7.26848101
-0.3128516366365406,7.2736274100000005
-0.3168935862518971,7.27773112
-0.3209455041601539,7.28083194
-0.32500794031732805,7.28296413
-0.32908085174656043,7.28415958
-0.3331649151760694,7.284447060000001
-0.33726021278132645,7.2837435
-0.3413669483577748,7.2824021199999995
-0.3454856906028283,7.28011647
-0.3496165294089981,7.2770176
-0.35375992030323844,7.27312503
-0.3579160800982186,7.268457199999999
-0.362085228102512,7.263031270000001
-0.36626770858870517,7.25686359
-0.37046374695129924,7.24996986
-0.3746736943001261,7.24236475
-0.3788979057443669,7.23406213
-0.3831363693867067,7.22507503
-0.3873895696728238,7.21541632
-0.39165749916256964,7.20509791
-0.39594077416075435,7.1941310000000005
-0.40023939290905153,7.182527100000001
-0.4045536047864222,7.17029648
-0.4088837880280398,7.1574491600000005
-0.4132300733880794,7.143995149999999
-0.41759271993585667,7.12994372
-0.421972116849642,7.1153037999999995
-0.42636827688305656,7.10008425
-0.4307815958254886,7.08429333
-0.43521234667447617,7.067939239999999
-0.4396606779293164,7.05102966
-0.44412686892536124,7.03357218
-0.44861133174178436,7.01557414
-0.4531140959980273,6.99704264
-0.4576354516522365,6.97798438
-0.462175822793776,6.95840608
-0.4667352479105249,6.93831398
-0.47131415915499497,6.91771418
-0.4759128633834613,6.89661286
-0.48053154030759804,6.87501577
-0.48517037261611495,6.85292831
-0.48982981091533917,6.830356
-0.4945099136825908,6.807304159999999
-0.4992111407662969,6.78377773
-0.5039335576251969,6.75978163
-0.5086777678851562,6.735320789999999
-0.5134437111229189,6.71039974
-0.5182317320174521,6.68502315
-0.5230421806970924,6.65919519
-0.5278751411649893,6.63292027
-0.5327311084876092,6.6062027
-0.5376101750901028,6.57904644
-0.5425127101754885,6.5514554799999996
-0.5474388136811585,6.5234337
-0.5523887262113492,6.494985
-0.5573629701134106,6.466113099999999
-0.562361519713666,6.43682189
-0.5673844898228975,6.40711483
-0.572430457035455,6.37716763
-0.5775027592293895,6.34664331
-0.5772509708314681,4.830767799999999
-0.5770003513703876,3.3133833
-0.5767229363191437,1.80033105
-0.5761910240485209,0.34435735
-0.5752725172862005,-0.9447386
-0.5736034212043273,-1.8272120299999999
-0.5713862663406879,-2.44753601
-0.5688917581119168,-2.92702357
-0.5661556569836461,-3.30461481
-0.5631947939960684,-3.60809012
-0.5600247224344439,-3.8559345
-0.5566707929235271,-4.0612702
-0.5531631743696872,-4.234353919999999
-0.5495333164805198,-4.38320841
-0.5458092284710372,-4.5139653
-0.5420160494710513,-4.63124033
-0.5381731976735411,-4.738376529999999
-0.534296210006947,-4.83785952
-0.5303940664246078,-4.93116663
-0.5264771464276503,-5.01976773
-0.5225520652151563,-5.10457479
-0.5186209127978079,-5.18596671
-0.5146893927531522,-5.2647127099999995
-0.5107604625178661,-5.34118913
-0.5068335658741856,-5.41540625
-0.5029136297460992,-5.48797122
-0.49899846768899003,-5.55869415
-0.49509216229032815,-5.62810492
-0.49119331920885245,-5.696044700000001
-0.487302277386523,-5.7626294399999995
-0.48342161429090647,-5.828225290000001
-0.47954980351213083,-5.892634350000001
-0.475686646387955,-5.95592598
-0.47183390955040494,-6.0183553000000005
-0.46799112274112464,-6.079874439999999
-0.4641583414948012,-6.14053629
-0.460335231292214,-6.20039102
-0.456523016044619,-6.25956905
-0.45271941781718206,-6.31782644
-0.4489270810177879,-6.37557092
-0.44514412243449386,-6.4325548
-0.44137098705304467,-6.48890064
-0.4376076037051384,-6.54464033
-0.4338537743875892,-6.5997945399999995
-0.43010981275759286,-6.654387440000001
-0.42637475871794694,-6.70834542
-0.4226503241196009,-6.76197547
-0.4189347894536417,-6.81501069
-0.41522859692635783,-6.867568540000001
-0.41153142933201226,-6.91966896
-0.4078436006472228,-6.971318129999999
-0.40416492080165134,-7.02253717
-0.4004948265166506,-7.073349100000001
-0.39683300932186105,-7.12366405
-0.39318127967091443,-7.17377712
-0.38953683680749784,-7.22333072
-0.3859026051690686,-7.27270503
-0.38227579606411277,-7.32164503
-0.3786564830363677,-7.3701547099999996
-0.3750463391222505,-7.41842663
-0.37144407526176737,-7.4663851
-0.367850129430511,-7.5140315399999995
-0.3642644468007672,-7.56137572
-0.36068648514080737,-7.60843612
-0.3571166809538786,-7.6553128500000005
-0.3535536449674408,-7.70172736
-0.3499989090912696,-7.74796898
-0.34645133122729055,-7.79396008
-0.34291171025802014,-7.8396979600000005
-0.33937963399216375,-7.8851901799999995
-0.3358550543897927,-7.930442
-0.3323388833458998,-7.9755565200000005
-0.3288281955466099,-8.02026857
-0.32532653929191313,-8.06482771
-0.3218339772239458,-8.10924119
-0.3183491444416888,-8.153341150000001
-0.3148728237904417,-8.19711575
-0.31140709464951244,-8.24083331
-0.3079497643391318,-8.284132589999999
-0.3045050280227901,-8.32735406
-0.3010701015050681,-8.370249690000001
-0.2976455128264266,-8.41291596
-0.29423002723110403,-8.45528218
-0.29082581344088854,-8.49752075
-0.28743186996837977,-8.53955586
-0.284048019319888,-8.58138705
-0.28067396925423127,-8.62302306
-0.27730966218533637,-8.66447301
-0.27395608398859106,-8.70572677
-0.2706121314175933,-8.746800010000001
-0.2672793646983942,-8.78767631
-0.2639579498180351,-8.8283534
-0.2606483966719093,-8.86891774
-0.2573479980214064,-8.90923034
-0.2540580765672644,-8.949274590000002
-0.2507797165594037,-8.98922789
-0.24751182600281152,-9.02901302
-0.2442566246743232,-9.0686969
-0.24101028996756213,-9.1080565
-0.23777844752709942,-9.147381209999999
-0.23800942113755896,-7.30163093
-0.23824133321274688,-5.45759946
-0.2384849702599754,-3.61638041
-0.23881380882088443,-1.7934567
-0.2393078633673631,-0.01465713
-0.24007113780130296,1.62817224
-0.24147436754535767,2.86750135
-0.24362361664704668,3.6764898400000003
-0.24599099204137498,4.286115120000001
-0.24851377396223873,4.77507943
-0.25118634497554315,5.17138883
-0.2540021764045637,5.49348921
-0.2569554222567916,5.7558199100000005
-0.2600450580546634,5.97027923
-0.26326916305375647,6.146348990000001
-0.26662214159751074,6.29152064
-0.27009098505152607,6.41173987
-0.2736614468766563,6.511903419999999
-0.277317905125847,6.59601562
-0.2810467138400765,6.66718191
-0.2848333025621095,6.7280124599999995
-0.28866741981577393,6.7804781400000005
-0.29254036650935733,6.8261322600000005
-0.29644477635739674,6.8661587
-0.3003732174386049,6.90152938
-0.30432349783338686,6.93277919
-0.30829045046142745,6.96064287
-0.3122707563119018,6.98557778
-0.3162653415695216,7.0076978
-0.32027037890022325,7.0275273
-0.3242854658385277,7.04521591
-0.3283100765991318,7.060958080000001
-0.3323444000633704,7.07491729
-0.3363892282147245,7.08723555
-0.3404443968338995,7.098021950000001
-0.34451034433917416,7.107374399999999
-0.3485870292382951,7.1153721999999995
-0.3526742884298806,7.12208417
-0.35677280937783906,7.12757813
-0.36088304261105275,7.1319098400000005
-0.3650055657587088,7.13513017
-0.36914059465568894,7.13728186
-0.3732883476165789,7.1384034000000005
-0.37744953853508756,7.13851588
-0.3816242710668205,7.13769862
-0.38581302198289325,7.13593339
-0.39001614914931526,7.13326326
-0.39423401455878393,7.1297127499999995
-0.3984669844177424,7.12530508
-0.40271542923623027,7.1200610200000005
-0.40697972392062765,7.11400061
-0.4112601219834633,7.10714253
-0.41555713261727245,7.09950421
-0.419870891350963,7.09110163
-0.4242019164880291,7.081950300000001
-0.42855035079071024,7.07206487
-0.43291672205973675,7.06145861
-0.4373010526656136,7.05014466
-0.4417038792321917,7.03813519
-0.4461254876921368,7.02544203
-0.45056590975930844,7.01207622
-0.4550258254585611,6.99804854
-0.45950527427063226,6.98336894
-0.46400455729842727,6.96804708
-0.468524110539118,6.95209238
-0.47306398300387187,6.9355137000000004
-0.4776247505953075,6.91831959
-0.4822066016746549,6.900518089999999
-0.4868097277605832,6.8821172100000005
-0.4914345887565894,6.86312431
-0.49608138518070066,6.843546760000001
-0.5007504543939323,6.82339146
-0.5054421389588157,6.80266499
-0.5101566525302064,6.78137392
-0.514894347192766,6.7595241999999995
-0.5196555806164567,6.73712193
-0.5244405806610157,6.71417268
-0.5292498512663681,6.69068197
-0.5340834948742819,6.66665509
-0.5389420271597707,6.6420970399999995
-0.5438254225540124,6.617012689999999
-0.548732416127198,6.59156884
-0.5536664285165749,6.56544901
-0.5586264883799203,6.53881648
-0.5636130047929284,6.51167547
-0.5686261145319158,6.48403013
-0.5736660979980881,6.4558843800000005
-0.5787335225229577,6.42724204
-0.5838284002282774,6.39810677
-0.5889513119668761,6.3684823999999995
-0.5941022796803461,6.33837223
-0.5992818984535111,6.30777983
-0.6044900573625425,6.276708569999999
-0.6097273648668762,6.24516191
-0.6149940072331816,6.21314306
-0.6202901754354289,6.18065537
-0.625616065285977,6.14770213
-0.6309721697496431,6.1142867800000005
-0.63635840485852,6.080412529999999
-0.6417751290747176,6.04608272
-0.6415519148675575,4.56087338
-0.6413299149535969,3.07419559
-0.6410290658001547,1.60128547
-0.6404265374758156,0.19999363
-0.6394362932960471,-0.98922775
-0.6376847648212989,-1.7902969700000002
-0.6354206508964018,-2.3738638
-0.6328501179460975,-2.82447499
-0.6300185402714384,-3.17790571
-0.6269546256587148,-3.4613601600000004
-0.6236823041172508,-3.69330334
-0.6202305989767711,-3.8865113
-0.6166307795819657,-4.05069309
-0.6129171618104419,-4.19307996
-0.6091158207816152,-4.31932428
-0.6052489827929861,-4.43342217
-0.6013374960341578,-4.53838939
-0.5973954227937226,-4.63641178
-0.5934304140924986,-4.72872249
-0.5894541482107007,-4.81677157
-0.5854695478710965,-4.901078249999999
-0.5814817590175303,-4.98231867
-0.5774943233856675,-5.06093589
-0.5735096214835518,-5.1372738600000005
-0.5695287489781558,-5.21149082
-0.5655554385059003,-5.28412049
-0.5615886541048143,-5.355020789999999
-0.5576295898764423,-5.42444553
-0.553679288677646,-5.492508590000001
-0.5497372651826153,-5.55921777
-0.5458060652031311,-5.62496454
-0.5418829950926434,-5.68942863
-0.5379715461045227,-5.75307107
-0.5340683508430553,-5.81555961
-0.5301768813901451,-5.87734752
-0.5262946020320072,-5.93818304
-0.5224225231819484,-5.99821367
-0.5185597548331555,-6.05737899
-0.5147082441486455,-6.116017230000001
-0.5108661577950757,-6.17385739
-0.507033289051628,-6.23093848
-0.503211437777533,-6.28759125
-0.49939812075287593,-6.3434342
-0.49559566605250716,-6.398901950000001
-0.4918024002140833,-6.45370784
-0.48801851863192436,-6.50798333
-0.48424395102641915,-6.561748870000001
-0.480478627988405,-6.61502243
-0.47672261225999946,-6.66782032
-0.472975704188044,-6.72016219
-0.46923809820076845,-6.77206103
-0.4655090746439716,-6.82353963
-0.4617884410784061,-6.87450529
-0.4580780823919781,-6.92527631
-0.4543755954307658,-6.975568320000001
-0.45068169829437577,-7.0254948100000005
-0.44699594334077797,-7.07495373
-0.44331942904139776,-7.12416621
-0.43965183372428074,-7.17315358
-0.43599219950794366,-7.221712040000001
-0.4323409809528094,-7.2699576
-0.4286967192804565,-7.317803990000001
-0.4250627949026031,-7.36554392
-0.4214355888973045,-7.4127972600000005
-0.41781783602519407,-7.45997805
-0.4142061924701559,-7.506693390000001
-0.41060451743438,-7.55333966
-0.40700910234866683,-7.59953464
-0.40342316188665706,-7.64568021
-0.39984475753132,-7.69147914
-0.3962733399983649,-7.7369433
-0.3927099826104812,-7.78228705
-0.3891542594028441,-7.82740992
-0.385606367703341,-7.87231388
-0.38206588514859474,-7.9170120299999995
-0.37853350327550706,-7.96149793
-0.37500916925663863,-8.00577176
-0.37149221678249256,-8.0498557
-0.367982965775173,-8.093744939999999
-0.3644829563712886,-8.13741389
-0.3609922513911048,-8.18087661
-0.3575096956146133,-8.22414919
-0.3540360878804176,-8.2672115
-0.3505740392488057,-8.310150310000001
-0.347122630078081,-8.35264501
-0.34368324285479734,-8.39512608
-0.34025218783093436,-8.43721563
-0.336834704546779,-8.47928297
-0.3334260292444262,-8.520972879999999
-0.3300277846622717,-8.56258179
-0.3266406243726363,-8.60399664
-0.32326567399602624,-8.64521476
-0.3199017885849649,-8.686252329999999
-0.3165499710416111,-8.72708719
-0.31321038656268696,-8.767842790000001
-0.30988237095757154,-8.80832264
-0.30656455688443796,-8.84854406
-0.30325994919669563,-8.88868024
-0.29996764736667436,-8.92864799
-0.2966893413120435,-8.96852904
-0.29711433149491806,-4.61948413
-0.2980043478316403,-0.36396397
-0.3006509481569126,2.93248811
-0.3064153992197496,4.45717338
-0.3131719708280869,5.34526216
-0.3207365900490775,5.89264451
-0.3289786356841513,6.23491049
-0.33775874193906485,6.4556816
-0.3469133114080194,6.60421136
-0.356312438448231,6.70870926
-0.36587699361400583,6.78482289
-0.37556446726870707,6.84125772
-0.3853504404980008,6.883004049999999
-0.3952248755666732,6.91314779
-0.40518402315502233,6.93369967
-0.41523200436152163,6.94606985
-0.4253728060267725,6.9512469
-0.43561373056396335,6.94997483
-0.44596048956276535,6.94280936
-0.45641935746783857,6.93018701
-0.4669965427305782,6.9124596700000005
-0.4776975333397111,6.88991389
-0.48852760528020234,6.86278719
-0.4994918194158353,6.83128141
-0.510594883854631,6.79556971
-0.5218410099045503,6.75580285
-0.5332351245001807,6.71211238
-0.5447818033023364,6.66461458
-0.5564855386938448,6.61341162
-0.5683511603748634,6.5585938
-0.5803837138155961,6.50024075
-0.592588191040021,6.43842228
-0.6049696777489029,6.37319983
-0.6175335085435163,6.30462701
-0.6302844090834039,6.23275119
-0.6432279484010588,6.157614
-0.6563688006004029,6.0792527
-0.6697116102137852,5.99770157
-0.6832614534388384,5.91299311
-0.6970221797743448,5.82515994
-0.7109971295609929,5.73423627
-0.725189739608282,5.6402629200000005
-0.739601808950838,5.54328614
-0.7542342114185348,5.44336298
-0.769087167992794,5.34056391
-0.7841592209503747,5.23497628
-0.7994474605416055,5.1267074
-0.8149467522511911,5.01588797
-0.8306514634207645,4.90267356
-0.8465531655078331,4.787246140000001
-0.8626425364029124,4.66981312
-0.8789082107160002,4.550605719999999
-0.8953387849661778,4.42987411
-0.9119209587534554,4.307883619999999
-0.9286421699544078,4.18490614
-0.9454889284602082,4.06121915
-0.962448266350058,3.93709602
-0.9795073738629956,3.8128119700000003
-0.9966595792055422,3.6886248
-1.0138967599688153,3.56480778
-1.031220974628373,3.44163386
-1.048647278870765,3.31938376
-1.0662008781327752,3.19839143
-1.0839211824302453,3.07904907
-1.1018512372663423,2.9618161599999997
-1.1200454557194444,2.84727746
-1.138507341876903,2.7360417999999997
-1.1572219746576207,2.6284614499999996
-1.1761699204326175,2.5245860600000003
-1.1953470313234404,2.4243496700000002
-1.2147224694415355,2.3275769399999997
-1.2342700214827684,2.2342278700000002
-1.2539447741621268,2.14425183
-1.2736449903800482,2.05774872
-1.2931339589427147,1.9750671
-1.3123748113979534,1.89629155
-1.3313556999420393,1.82127215
-1.3500756967153789,1.7497400399999998
-1.3685369369472196,1.6815282
-1.386736272065598,1.6164165599999998
-1.4046234804764302,1.55445017
-1.4220917027762967,1.4959663
-1.4390515175169827,1.44116635
-1.455469009146403,1.38988418
-1.4713261875220223,1.34186297
-1.4866373601439231,1.29688513
-1.5014573237926363,1.2547829899999998
-1.515815324488682,1.2153183699999999
-1.5297430489615276,1.17826761
-1.5432624385930143,1.14342832
-1.5563834989543337,1.1106183799999998
-1.5691232194698814,1.0796739199999998
-1.5814974313101535,1.0504434599999999
-1.5935229403767046,1.02278876
-1.6052134754072775,0.99658649
-1.6165842987043955,0.97172507
-1.6276480159848747,0.94810357
-1.6384184739232381,0.9256297600000001
-1.6489079892677707,0.9042211
-1.659128176582458,0.88380184
